dropped,beta,se,p,n,spec
AGO,1.7653,0.6483,0.0066,1390,spec_A_99.5
ALB,1.7741,0.6466,0.0062,1385,spec_A_99.5
ARG,1.6043,0.5987,0.0075,1394,spec_A_99.5
ARM,1.7947,0.6519,0.006,1385,spec_A_99.5
AUS,1.7822,0.649,0.0061,1385,spec_A_99.5
AUT,1.7719,0.6479,0.0063,1385,spec_A_99.5
AZE,1.7796,0.6495,0.0062,1391,spec_A_99.5
BEL,1.7644,0.6467,0.0065,1385,spec_A_99.5
BEN,1.7728,0.6475,0.0063,1393,spec_A_99.5
BFA,1.7245,0.6494,0.008,1385,spec_A_99.5
BGD,1.7869,0.6521,0.0062,1385,spec_A_99.5
BGR,1.7571,0.6459,0.0066,1385,spec_A_99.5
BHR,1.7731,0.648,0.0063,1393,spec_A_99.5
BHS,1.7778,0.6456,0.006,1392,spec_A_99.5
BIH,1.7584,0.6642,0.0082,1385,spec_A_99.5
BLR,1.7732,0.6499,0.0065,1387,spec_A_99.5
BLZ,1.7776,0.6478,0.0062,1385,spec_A_99.5
BRA,1.7588,0.6523,0.0071,1385,spec_A_99.5
BRN,1.7678,0.6478,0.0064,1385,spec_A_99.5
BWA,1.78,0.6467,0.006,1385,spec_A_99.5
CHE,1.7299,0.6408,0.007,1392,spec_A_99.5
CHL,1.7864,0.6559,0.0065,1385,spec_A_99.5
CIV,1.77,0.6474,0.0063,1393,spec_A_99.5
CMR,1.7694,0.6478,0.0064,1389,spec_A_99.5
COD,1.7692,0.6473,0.0064,1392,spec_A_99.5
COG,1.7742,0.6475,0.0062,1385,spec_A_99.5
COL,1.779,0.648,0.0061,1385,spec_A_99.5
CRI,1.78,0.6484,0.0061,1385,spec_A_99.5
CYP,1.7692,0.6481,0.0064,1385,spec_A_99.5
CZE,1.7791,0.6484,0.0062,1385,spec_A_99.5
DEU,1.8254,0.6496,0.005,1385,spec_A_99.5
DNK,1.7681,0.6483,0.0065,1385,spec_A_99.5
DZA,1.7732,0.6463,0.0062,1385,spec_A_99.5
ESP,1.773,0.6472,0.0062,1385,spec_A_99.5
EST,1.7881,0.6498,0.006,1385,spec_A_99.5
FIN,1.7746,0.6482,0.0063,1385,spec_A_99.5
FRA,1.7789,0.6496,0.0063,1385,spec_A_99.5
GBR,1.7361,0.6437,0.0071,1385,spec_A_99.5
GEO,1.8206,0.6516,0.0053,1385,spec_A_99.5
GHA,1.7597,0.6476,0.0067,1385,spec_A_99.5
GMB,1.7937,0.649,0.0058,1387,spec_A_99.5
GNB,1.8318,0.6682,0.0062,1393,spec_A_99.5
GRC,1.7816,0.6553,0.0066,1385,spec_A_99.5
HRV,1.779,0.6485,0.0062,1387,spec_A_99.5
HUN,1.7712,0.6469,0.0063,1385,spec_A_99.5
IDN,1.298,0.3742,0.0005,1385,spec_A_99.5
IND,1.7613,0.6416,0.0061,1385,spec_A_99.5
IRL,1.7512,0.6486,0.007,1385,spec_A_99.5
ISL,1.8131,0.6495,0.0053,1385,spec_A_99.5
ISR,1.7941,0.6499,0.0059,1385,spec_A_99.5
ITA,1.7764,0.6473,0.0062,1385,spec_A_99.5
JOR,1.7841,0.6482,0.006,1385,spec_A_99.5
JPN,1.756,0.642,0.0063,1385,spec_A_99.5
KAZ,1.7807,0.6476,0.0061,1390,spec_A_99.5
KEN,1.7797,0.6473,0.0061,1385,spec_A_99.5
KGZ,1.9639,0.6501,0.0026,1385,spec_A_99.5
KHM,1.8058,0.6781,0.0078,1385,spec_A_99.5
KOR,1.7813,0.6594,0.007,1385,spec_A_99.5
KWT,1.7704,0.6476,0.0063,1389,spec_A_99.5
LTU,1.8026,0.6499,0.0056,1385,spec_A_99.5
LUX,1.7067,0.6402,0.0078,1385,spec_A_99.5
LVA,1.7592,0.6465,0.0066,1385,spec_A_99.5
MAR,1.7816,0.6487,0.0061,1385,spec_A_99.5
MDA,1.7593,0.6528,0.0071,1385,spec_A_99.5
MDG,1.7808,0.6479,0.0061,1385,spec_A_99.5
MDV,1.778,0.6497,0.0063,1387,spec_A_99.5
MKD,1.7921,0.6496,0.0059,1387,spec_A_99.5
MLI,1.8228,0.6687,0.0065,1393,spec_A_99.5
MLT,1.7569,0.6448,0.0065,1385,spec_A_99.5
MNE,1.7874,0.6483,0.0059,1385,spec_A_99.5
MNG,1.6654,0.6358,0.0089,1385,spec_A_99.5
MOZ,1.7504,0.646,0.0068,1385,spec_A_99.5
MUS,1.7718,0.6475,0.0063,1385,spec_A_99.5
MWI,1.7779,0.647,0.0061,1390,spec_A_99.5
MYS,1.8071,0.6577,0.0061,1385,spec_A_99.5
NAM,1.7682,0.6479,0.0064,1390,spec_A_99.5
NER,1.7691,0.647,0.0063,1393,spec_A_99.5
NLD,1.7846,0.6502,0.0061,1385,spec_A_99.5
NOR,1.7742,0.648,0.0063,1385,spec_A_99.5
NPL,1.8038,0.6507,0.0057,1385,spec_A_99.5
NZL,1.7484,0.6502,0.0073,1389,spec_A_99.5
PAK,1.829,0.6682,0.0063,1385,spec_A_99.5
PER,1.7812,0.6488,0.0061,1385,spec_A_99.5
PHL,1.8206,0.6768,0.0072,1385,spec_A_99.5
POL,1.7754,0.6473,0.0062,1385,spec_A_99.5
PRT,1.7746,0.6472,0.0062,1385,spec_A_99.5
PRY,1.7494,0.6457,0.0068,1385,spec_A_99.5
ROU,1.6791,0.6408,0.0089,1385,spec_A_99.5
RUS,2.786,1.6674,0.095,1387,spec_A_99.5
RWA,1.7634,0.6534,0.0071,1385,spec_A_99.5
SAU,1.771,0.6474,0.0063,1391,spec_A_99.5
SEN,1.7707,0.6472,0.0063,1393,spec_A_99.5
SLB,1.7761,0.6469,0.0061,1385,spec_A_99.5
SLE,1.7724,0.6534,0.0068,1385,spec_A_99.5
SUR,1.7706,0.6469,0.0063,1387,spec_A_99.5
SVK,1.7516,0.6479,0.007,1385,spec_A_99.5
SVN,1.7552,0.6484,0.0069,1385,spec_A_99.5
SWE,1.7488,0.6452,0.0068,1385,spec_A_99.5
SWZ,1.7697,0.6468,0.0063,1390,spec_A_99.5
SYC,1.7675,0.6466,0.0064,1392,spec_A_99.5
TGO,1.7703,0.6473,0.0063,1393,spec_A_99.5
THA,1.6947,0.6386,0.0081,1385,spec_A_99.5
TON,1.7791,0.6482,0.0061,1385,spec_A_99.5
TUN,1.7579,0.6549,0.0074,1385,spec_A_99.5
TUR,1.7627,0.648,0.0066,1385,spec_A_99.5
TZA,1.773,0.666,0.0079,1385,spec_A_99.5
UGA,1.7734,0.6481,0.0063,1386,spec_A_99.5
UKR,1.7728,0.6533,0.0068,1385,spec_A_99.5
URY,1.7685,0.6482,0.0065,1385,spec_A_99.5
UZB,1.7454,0.642,0.0066,1388,spec_A_99.5
ZAF,1.7666,0.6741,0.0089,1385,spec_A_99.5
ZMB,1.758,0.6505,0.007,1386,spec_A_99.5
AGO,1.6312,0.634,0.0102,1390,w99
ALB,1.6436,0.6333,0.0096,1385,w99
ARG,1.4745,0.5886,0.0124,1394,w99
ARM,1.6577,0.636,0.0093,1385,w99
AUS,1.6558,0.6368,0.0094,1385,w99
AUT,1.6417,0.6346,0.0098,1385,w99
AZE,1.6518,0.6363,0.0095,1391,w99
BEL,1.637,0.6341,0.01,1385,w99
BEN,1.6415,0.6338,0.0097,1393,w99
BFA,1.6014,0.6384,0.0123,1385,w99
BGD,1.6528,0.638,0.0097,1385,w99
BGR,1.6317,0.6336,0.0101,1385,w99
BHR,1.6419,0.6342,0.0097,1393,w99
BHS,1.6497,0.6328,0.0092,1392,w99
BIH,1.6349,0.6524,0.0123,1385,w99
BLR,1.64,0.6353,0.01,1387,w99
BLZ,1.6499,0.635,0.0095,1385,w99
BRA,1.6243,0.6377,0.011,1385,w99
BRN,1.6356,0.6341,0.01,1385,w99
BWA,1.6503,0.6336,0.0093,1385,w99
CHE,1.618,0.632,0.0106,1392,w99
CHL,1.6538,0.6416,0.0101,1385,w99
CIV,1.6411,0.6342,0.0098,1393,w99
CMR,1.6412,0.635,0.0099,1389,w99
COD,1.6416,0.6345,0.0098,1392,w99
COG,1.6429,0.6336,0.0096,1385,w99
COL,1.6485,0.6347,0.0095,1385,w99
CRI,1.6492,0.6352,0.0095,1385,w99
CYP,1.6404,0.6347,0.0099,1385,w99
CZE,1.6486,0.6353,0.0096,1385,w99
DEU,1.7022,0.6371,0.0076,1385,w99
DNK,1.6366,0.6349,0.0101,1385,w99
DZA,1.6439,0.633,0.0095,1385,w99
ESP,1.649,0.6351,0.0095,1385,w99
EST,1.6516,0.6362,0.0095,1385,w99
FIN,1.6445,0.6349,0.0097,1385,w99
FRA,1.6556,0.6377,0.0095,1385,w99
GBR,1.6185,0.6335,0.0107,1385,w99
GEO,1.6813,0.6364,0.0083,1385,w99
GHA,1.6305,0.634,0.0102,1385,w99
GMB,1.6583,0.6349,0.0091,1387,w99
GNB,1.6908,0.653,0.0097,1393,w99
GRC,1.6542,0.6427,0.0102,1385,w99
HRV,1.6471,0.6349,0.0096,1387,w99
HUN,1.6525,0.6362,0.0095,1385,w99
IDN,1.1561,0.3546,0.0011,1385,w99
IND,1.6308,0.6285,0.0096,1385,w99
IRL,1.618,0.6345,0.0109,1385,w99
ISL,1.6793,0.6359,0.0084,1385,w99
ISR,1.6613,0.6366,0.0092,1385,w99
ITA,1.6503,0.6349,0.0095,1385,w99
JOR,1.6559,0.6351,0.0092,1385,w99
JPN,1.6261,0.6294,0.0099,1385,w99
KAZ,1.6507,0.6343,0.0094,1390,w99
KEN,1.6491,0.6339,0.0094,1385,w99
KGZ,1.8278,0.6366,0.0042,1385,w99
KHM,1.7182,0.67,0.0104,1385,w99
KOR,1.65,0.6463,0.0108,1385,w99
KWT,1.6402,0.6344,0.0098,1389,w99
LTU,1.6646,0.6359,0.009,1385,w99
LUX,1.5811,0.6274,0.0119,1385,w99
LVA,1.6377,0.6354,0.0101,1385,w99
MAR,1.6505,0.6352,0.0095,1385,w99
MDA,1.6319,0.6407,0.011,1385,w99
MDG,1.6509,0.6343,0.0094,1385,w99
MDV,1.6449,0.6362,0.0098,1387,w99
MKD,1.6582,0.6353,0.0092,1387,w99
MLI,1.6868,0.6546,0.0101,1393,w99
MLT,1.6335,0.6338,0.0101,1385,w99
MNE,1.6567,0.6349,0.0092,1385,w99
MNG,1.6613,0.6351,0.009,1385,w99
MOZ,1.6186,0.6321,0.0106,1385,w99
MUS,1.6409,0.6343,0.0098,1385,w99
MWI,1.6484,0.6339,0.0094,1390,w99
MYS,1.6788,0.6446,0.0093,1385,w99
NAM,1.6379,0.6345,0.0099,1390,w99
NER,1.6407,0.6341,0.0098,1393,w99
NLD,1.6485,0.6352,0.0096,1385,w99
NOR,1.6438,0.6349,0.0097,1385,w99
NPL,1.6655,0.6359,0.0089,1385,w99
NZL,1.6183,0.637,0.0112,1389,w99
PAK,1.6954,0.6519,0.0094,1385,w99
PER,1.6506,0.6354,0.0095,1385,w99
PHL,1.6864,0.659,0.0106,1385,w99
POL,1.6441,0.6341,0.0096,1385,w99
PRT,1.6445,0.6342,0.0096,1385,w99
PRY,1.6209,0.6328,0.0105,1385,w99
ROU,1.5491,0.6273,0.0137,1385,w99
RUS,2.5883,1.7244,0.1336,1387,w99
RWA,1.6435,0.643,0.0107,1385,w99
SAU,1.6415,0.6342,0.0098,1391,w99
SEN,1.6414,0.634,0.0097,1393,w99
SLB,1.6519,0.634,0.0093,1385,w99
SLE,1.6324,0.6369,0.0105,1385,w99
SUR,1.642,0.6337,0.0097,1387,w99
SVK,1.6217,0.6347,0.0107,1385,w99
SVN,1.6238,0.6348,0.0106,1385,w99
SWE,1.6255,0.6335,0.0104,1385,w99
SWZ,1.6401,0.6337,0.0098,1390,w99
SYC,1.6412,0.634,0.0098,1392,w99
TGO,1.6417,0.6342,0.0097,1393,w99
THA,1.5611,0.6256,0.0127,1385,w99
TON,1.6483,0.6345,0.0095,1385,w99
TUN,1.6171,0.6389,0.0115,1385,w99
TUR,1.634,0.6346,0.0101,1385,w99
TZA,1.6201,0.6452,0.0122,1385,w99
UGA,1.6419,0.6344,0.0098,1386,w99
UKR,1.6415,0.6572,0.0126,1385,w99
URY,1.6385,0.635,0.01,1385,w99
UZB,1.6042,0.6244,0.0103,1388,w99
ZAF,1.6351,0.6557,0.0128,1385,w99
ZMB,1.6261,0.6369,0.0108,1386,w99
