sample,dropped,beta_excl,dfbeta,full
published,AGO,20.8472,-0.005,20.8046
published,ALB,20.8321,-0.0032,20.8046
published,ARG,-1.7463,2.6227,20.8046
published,ARM,20.9202,-0.0134,20.8046
published,AUS,20.7196,0.0099,20.8046
published,AUT,20.7988,0.0007,20.8046
published,AZE,24.7967,-0.4643,20.8046
published,BEL,20.7833,0.0025,20.8046
published,BFA,20.959,-0.018,20.8046
published,BGD,20.8174,-0.0015,20.8046
published,BGR,20.8712,-0.0078,20.8046
published,BIH,20.7993,0.0006,20.8046
published,BLZ,20.8047,-0.0,20.8046
published,BRA,20.6993,0.0122,20.8046
published,BRN,20.8463,-0.0049,20.8046
published,BWA,20.8276,-0.0027,20.8046
published,CHL,20.8035,0.0001,20.8046
published,COG,20.7116,0.0108,20.8046
published,COL,20.8113,-0.0008,20.8046
published,CRI,20.8418,-0.0043,20.8046
published,CYP,20.7759,0.0033,20.8046
published,CZE,20.7759,0.0033,20.8046
published,DEU,20.8091,-0.0005,20.8046
published,DNK,21.0543,-0.029,20.8046
published,DZA,20.6563,0.0172,20.8046
published,ESP,20.7709,0.0039,20.8046
published,EST,20.7318,0.0085,20.8046
published,FIN,20.8042,0.0,20.8046
published,FRA,20.8012,0.0004,20.8046
published,GBR,20.805,-0.0001,20.8046
published,GEO,20.7603,0.0052,20.8046
published,GHA,20.796,0.001,20.8046
published,GMB,20.7828,0.0025,20.8046
published,GRC,20.8047,-0.0,20.8046
published,HRV,20.8039,0.0001,20.8046
published,HUN,20.6826,0.0142,20.8046
published,IDN,21.0511,-0.0287,20.8046
published,IND,20.7043,0.0117,20.8046
published,IRL,20.7663,0.0045,20.8046
published,ISL,20.8755,-0.0083,20.8046
published,ISR,21.6016,-0.0927,20.8046
published,ITA,20.8015,0.0004,20.8046
published,JOR,20.8021,0.0003,20.8046
published,JPN,20.7971,0.0009,20.8046
published,KAZ,20.3539,0.0524,20.8046
published,KEN,20.8046,-0.0,20.8046
published,KGZ,21.9341,-0.1314,20.8046
published,KHM,20.8048,-0.0,20.8046
published,KOR,20.8565,-0.006,20.8046
published,LTU,20.8002,0.0005,20.8046
published,LUX,20.8149,-0.0012,20.8046
published,LVA,20.7997,0.0006,20.8046
published,MAR,20.8143,-0.0011,20.8046
published,MDA,21.3223,-0.0602,20.8046
published,MDG,20.7829,0.0025,20.8046
published,MDV,30.4591,-1.1229,20.8046
published,MKD,20.7856,0.0022,20.8046
published,MLT,20.7946,0.0012,20.8046
published,MNE,20.8068,-0.0003,20.8046
published,MNG,20.8862,-0.0095,20.8046
published,MOZ,20.8081,-0.0004,20.8046
published,MUS,20.7987,0.0007,20.8046
published,MWI,20.8049,-0.0,20.8046
published,MYS,21.2026,-0.0463,20.8046
published,NAM,20.9006,-0.0112,20.8046
published,NLD,20.7798,0.0029,20.8046
published,NOR,20.765,0.0046,20.8046
published,NPL,20.7915,0.0015,20.8046
published,NZL,20.8128,-0.001,20.8046
published,PAK,20.2904,0.0598,20.8046
published,PER,20.8045,0.0,20.8046
published,PHL,20.8046,-0.0,20.8046
published,POL,20.8002,0.0005,20.8046
published,PRT,20.8047,-0.0,20.8046
published,PRY,20.8258,-0.0025,20.8046
published,ROU,19.3045,0.1745,20.8046
published,RWA,20.7238,0.0094,20.8046
published,SLB,20.8767,-0.0084,20.8046
published,SLE,20.6876,0.0136,20.8046
published,SUR,20.798,0.0008,20.8046
published,SVK,20.7989,0.0007,20.8046
published,SVN,20.815,-0.0012,20.8046
published,SWE,20.7451,0.0069,20.8046
published,THA,21.0065,-0.0235,20.8046
published,TON,20.8563,-0.006,20.8046
published,TUN,20.7781,0.0031,20.8046
published,TUR,20.7779,0.0031,20.8046
published,TZA,20.7569,0.0055,20.8046
published,UGA,20.7696,0.0041,20.8046
published,UKR,20.1963,0.0707,20.8046
published,URY,20.4839,0.0373,20.8046
published,UZB,20.8081,-0.0004,20.8046
published,ZAF,20.8043,0.0,20.8046
published,ZMB,20.7773,0.0032,20.8046
russia_restored,AGO,18.5626,-0.0325,18.454
russia_restored,ALB,18.5173,-0.0189,18.454
russia_restored,ARG,16.4158,0.6101,18.454
russia_restored,ARM,18.539,-0.0254,18.454
russia_restored,AUS,18.4128,0.0123,18.454
russia_restored,AUT,18.4437,0.0031,18.454
russia_restored,AZE,18.4005,0.016,18.454
russia_restored,BEL,18.4393,0.0044,18.454
russia_restored,BFA,18.61,-0.0467,18.454
russia_restored,BGD,18.4628,-0.0026,18.454
russia_restored,BGR,18.4481,0.0018,18.454
russia_restored,BIH,18.4567,-0.0008,18.454
russia_restored,BLZ,18.4605,-0.0019,18.454
russia_restored,BRA,18.2558,0.0593,18.454
russia_restored,BRN,18.4659,-0.0035,18.454
russia_restored,BWA,18.4685,-0.0043,18.454
russia_restored,CHL,18.4565,-0.0007,18.454
russia_restored,COG,18.352,0.0305,18.454
russia_restored,COL,18.4535,0.0002,18.454
russia_restored,CRI,18.5194,-0.0196,18.454
russia_restored,CYP,18.4389,0.0045,18.454
russia_restored,CZE,18.4582,-0.0013,18.454
russia_restored,DEU,18.4785,-0.0073,18.454
russia_restored,DNK,18.5934,-0.0417,18.454
russia_restored,DZA,18.3553,0.0295,18.454
russia_restored,ESP,18.4505,0.0011,18.454
russia_restored,EST,18.449,0.0015,18.454
russia_restored,FIN,18.4537,0.0001,18.454
russia_restored,FRA,18.4564,-0.0007,18.454
russia_restored,GBR,18.4539,0.0,18.454
russia_restored,GEO,18.3574,0.0289,18.454
russia_restored,GHA,18.471,-0.0051,18.454
russia_restored,GMB,18.46,-0.0018,18.454
russia_restored,GRC,18.4547,-0.0002,18.454
russia_restored,HRV,18.457,-0.0009,18.454
russia_restored,HUN,18.46,-0.0018,18.454
russia_restored,IDN,18.5726,-0.0355,18.454
russia_restored,IND,18.3666,0.0262,18.454
russia_restored,IRL,18.4853,-0.0094,18.454
russia_restored,ISL,18.5135,-0.0178,18.454
russia_restored,ISR,19.0871,-0.1895,18.454
russia_restored,ITA,18.4525,0.0005,18.454
russia_restored,JOR,18.4487,0.0016,18.454
russia_restored,JPN,18.4431,0.0033,18.454
russia_restored,KAZ,17.9161,0.161,18.454
russia_restored,KEN,18.4548,-0.0002,18.454
russia_restored,KGZ,19.9726,-0.4545,18.454
russia_restored,KHM,18.4524,0.0005,18.454
russia_restored,KOR,18.4599,-0.0017,18.454
russia_restored,LTU,18.4542,-0.0001,18.454
russia_restored,LUX,18.4541,-0.0,18.454
russia_restored,LVA,18.456,-0.0006,18.454
russia_restored,MAR,18.4451,0.0027,18.454
russia_restored,MDA,18.8693,-0.1243,18.454
russia_restored,MDG,18.4468,0.0022,18.454
russia_restored,MDV,19.7581,-0.3903,18.454
russia_restored,MKD,18.4317,0.0067,18.454
russia_restored,MLT,18.4456,0.0025,18.454
russia_restored,MNE,18.4521,0.0006,18.454
russia_restored,MNG,18.4623,-0.0025,18.454
russia_restored,MOZ,18.4584,-0.0013,18.454
russia_restored,MUS,18.4557,-0.0005,18.454
russia_restored,MWI,18.4653,-0.0034,18.454
russia_restored,MYS,18.4584,-0.0013,18.454
russia_restored,NAM,18.5117,-0.0173,18.454
russia_restored,NLD,18.4206,0.01,18.454
russia_restored,NOR,18.4536,0.0001,18.454
russia_restored,NPL,18.445,0.0027,18.454
russia_restored,NZL,18.4588,-0.0014,18.454
russia_restored,PAK,18.0031,0.135,18.454
russia_restored,PER,18.4558,-0.0005,18.454
russia_restored,PHL,18.454,0.0,18.454
russia_restored,POL,18.4618,-0.0023,18.454
russia_restored,PRT,18.4538,0.0001,18.454
russia_restored,PRY,18.4576,-0.0011,18.454
russia_restored,ROU,18.1936,0.0779,18.454
russia_restored,RUS,20.8046,-0.7035,18.454
russia_restored,RWA,18.3794,0.0223,18.454
russia_restored,SLB,18.4861,-0.0096,18.454
russia_restored,SLE,18.3959,0.0174,18.454
russia_restored,SUR,18.4706,-0.005,18.454
russia_restored,SVK,18.4355,0.0055,18.454
russia_restored,SVN,18.4739,-0.0059,18.454
russia_restored,SWE,18.4446,0.0028,18.454
russia_restored,THA,18.485,-0.0093,18.454
russia_restored,TON,18.455,-0.0003,18.454
russia_restored,TUN,18.4375,0.005,18.454
russia_restored,TUR,18.452,0.0006,18.454
russia_restored,TZA,18.3566,0.0292,18.454
russia_restored,UGA,18.3975,0.0169,18.454
russia_restored,UKR,18.3454,0.0325,18.454
russia_restored,URY,18.2535,0.06,18.454
russia_restored,UZB,18.4669,-0.0038,18.454
russia_restored,ZAF,18.4603,-0.0019,18.454
russia_restored,ZMB,18.4282,0.0077,18.454
