check,beta,se,p,n
Winsorize 95th,1.0775,0.2364,0.0,1399
Winsorize 99th,1.6409,0.6341,0.0098,1399
Winsorize 99.5th,1.7702,0.6472,0.0063,1399
No winsorization,2.098,0.7846,0.0076,1399
arcsinh DV,1.2214,0.35,0.0005,1399
log(1+y),0.9398,0.2605,0.0003,1399
Two-part: extensive margin (any RMB invoicing),0.7528,0.347,0.0302,1399
Two-part: intensive margin (ln y | y>0),-1.0422,3.4236,0.7609,680
Two-way clustering (country + year),1.7702,0.6009,0.0033,1399
Drop Russia and China,2.786,1.6674,0.095,1387
FE only (no controls),6.7926,1.1,0.0,1694
Drop 2015 CIPS cohort,2.823,1.6896,0.095,1335
Drop 2016 CIPS cohort,1.4476,0.3996,0.0003,1087
Drop 2018 CIPS cohort,1.7813,0.6594,0.007,1385
Broad CIPS -> invoicing (main effect),0.1141,0.0415,0.006,1399
