dv,spec,var,beta,se,p,n
Clearing bank (0/1),(A) Baseline,CIPSit,0.3778,0.0723,0.0,1775
Clearing bank (0/1),(B) + Group trend,CIPSit,0.1784,0.062,0.0041,1775
Clearing bank (0/1),(B) + Group trend,trend_direct,0.0307,0.0069,0.0,1775
Swap line (0/1),(A) Baseline,CIPSit,0.1934,0.0546,0.0004,1775
Swap line (0/1),(B) + Group trend,CIPSit,0.0006,0.0452,0.9899,1775
Swap line (0/1),(B) + Group trend,trend_direct,0.0296,0.0086,0.0006,1775
RMB infra index (0-2),(A) Baseline,CIPSit,0.5712,0.1011,0.0,1775
RMB infra index (0-2),(B) + Group trend,CIPSit,0.179,0.0863,0.0381,1775
RMB infra index (0-2),(B) + Group trend,trend_direct,0.0603,0.0122,0.0,1775
