iso3,cips_year,clearing_bank_year,swap_line_year,clear_minus_cips
MAC,2016.0,2010.0,,-6.0
HKG,2015.0,2010.0,2010.0,-5.0
TWN,2016.0,2012.0,,-4.0
KOR,2018.0,2014.0,2010.0,-4.0
SGP,2016.0,2013.0,2010.0,-3.0
LUX,2016.0,2014.0,2019.0,-2.0
AUS,2016.0,2014.0,2012.0,-2.0
DEU,2016.0,2014.0,2020.0,-2.0
FRA,2016.0,2014.0,2013.0,-2.0
GBR,2016.0,2014.0,2013.0,-2.0
QAT,2016.0,2014.0,2014.0,-2.0
THA,2016.0,2015.0,2011.0,-1.0
MYS,2016.0,2015.0,2010.0,-1.0
ARE,2015.0,2014.0,2012.0,-1.0
HUN,2016.0,2015.0,2013.0,-1.0
CHE,2016.0,2015.0,2015.0,-1.0
CAN,2015.0,2014.0,2014.0,-1.0
ZAF,2016.0,2015.0,2015.0,-1.0
ZMB,2016.0,2015.0,,-1.0
PAK,2016.0,2016.0,2011.0,0.0
IDN,2016.0,2016.0,2010.0,0.0
RUS,2015.0,2015.0,2014.0,0.0
SAU,2016.0,2023.0,2023.0,7.0
AGO,2016.0,,,
AUT,2016.0,,,
BRA,2015.0,,2013.0,
CHL,2016.0,,2015.0,
DJI,2016.0,,,
ESP,2016.0,,2021.0,
ITA,2016.0,,2021.0,
JPN,2016.0,,,
KAZ,2016.0,,2011.0,
KGZ,2016.0,,,
LKA,2016.0,,,
MEX,2016.0,,,
MNG,2016.0,,2011.0,
MUS,2015.0,,,
NZL,2015.0,,2011.0,
PER,2015.0,,,
SRB,2016.0,,2013.0,
TUR,2016.0,,2012.0,
