iso3,rank,distance,brics_status
IDN,1,0.6292,member
TUR,2,0.8097,invited
SAU,3,0.8876,invited
MEX,4,1.0151,
IND,5,1.1431,member
PHL,6,1.2021,
EGY,7,1.22,member
COL,8,1.2316,
IRN,9,1.2994,member
ITA,10,1.5097,
POL,11,1.5102,
BRA,12,1.5194,member
BGD,13,1.6681,
ARG,14,1.67,
ISR,15,1.6797,
PER,16,1.7282,
DEU,17,1.7295,
KEN,18,1.7674,
DZA,19,1.7875,
IRQ,20,1.7939,
FRA,21,1.8155,
LKA,22,1.8532,
KAZ,23,1.9001,partner
DOM,24,1.9445,
ROU,25,1.963,
GRC,26,1.9876,
PAK,27,2.0004,
KWT,28,2.0591,
BOL,29,2.0623,partner
MAR,30,2.1028,
FIN,31,2.105,
GTM,32,2.1291,
VEN,33,2.134,
PRY,34,2.1485,
ZAF,35,2.1512,member
HRV,36,2.1829,
AUS,37,2.2264,
ESP,38,2.2284,
CHL,39,2.249,
QAT,40,2.2613,
UZB,41,2.3047,partner
AUT,42,2.3101,
CIV,43,2.3273,
URY,44,2.3289,
AZE,45,2.3476,
CRI,46,2.3494,
LBY,47,2.364,
KOR,48,2.3661,
TZA,49,2.3682,
OMN,50,2.3917,
AGO,51,2.4404,
CMR,52,2.4556,
UKR,53,2.4644,
NPL,54,2.4851,
COD,55,2.4882,
SRB,56,2.5337,
TUN,57,2.5613,
UGA,58,2.573,partner
LBN,59,2.5742,
PSE,60,2.5888,
NOR,61,2.5907,
SWE,62,2.5972,
PRT,63,2.6075,
AFG,64,2.6128,
GBR,65,2.6217,
SEN,66,2.676,
BGR,67,2.6919,
CZE,68,2.7144,
YEM,69,2.7181,
BIH,70,2.7196,
MLI,71,2.74,
VNM,72,2.764,partner
JOR,73,2.78,
SYR,74,2.7937,
BFA,75,2.8051,
GHA,76,2.8102,
BEL,77,2.8106,
RWA,78,2.8272,
TCD,79,2.8615,
ARE,80,2.864,member
MYS,81,2.8652,partner
BLR,82,2.8723,partner
BEN,83,2.8735,
HTI,84,2.8775,
ISL,85,2.8868,
ZMB,86,2.8891,
SSD,87,2.8959,
SVN,88,2.8977,
BRN,89,2.9039,
ARM,90,2.9132,
MDG,91,2.9446,
LTU,92,2.97,
SDN,93,2.9702,
NZL,94,2.9759,
SVK,95,2.9853,
BWA,96,3.0621,
HND,97,3.088,
MWI,98,3.0924,
LVA,99,3.109,
THA,100,3.1106,partner
NAM,101,3.1194,
XKX,102,3.1542,
TJK,103,3.1631,
BHS,104,3.1735,
MKD,105,3.1765,
MDA,106,3.1852,
TGO,107,3.2101,
ALB,108,3.2133,
LAO,109,3.2146,
NER,110,3.2243,
GAB,111,3.2249,
JPN,112,3.2396,
MAC,113,3.2505,
BHR,114,3.2711,
MUS,115,3.3293,
GEO,116,3.3608,
HUN,117,3.3687,
SOM,118,3.3804,
GNQ,119,3.4059,
KGZ,120,3.5142,
SWZ,121,3.5207,
GIN,122,3.5375,
NIC,123,3.538,
SLE,124,3.5412,
COG,125,3.5653,
DNK,126,3.573,
SUR,127,3.6306,
CHE,128,3.6476,
KHM,129,3.7034,
EST,130,3.7062,
BTN,131,3.7461,
NLD,132,3.7812,
CPV,133,3.8454,
ERI,134,3.8592,
MRT,135,3.8729,
GNB,136,3.9505,
BLZ,137,3.9566,
GMB,138,4.012,
SLB,139,4.0797,
LSO,140,4.1909,
MNG,141,4.2344,
VUT,142,4.3271,
TON,143,4.3721,
MNE,144,4.391,
MDV,145,4.6313,
IRL,146,5.0363,
DJI,147,5.1412,
LUX,148,5.1508,
MOZ,149,5.2085,
SYC,150,5.3499,
MLT,151,5.5751,
CYP,152,5.7981,
SGP,153,6.3017,
HKG,154,7.1852,
