iso3,year,swift_offshore_rmb_share_pct,swift_tracker_rank,swift_tracker_obs,is_interpolated,in_swift_tracker_top15
ARE,2016,0.15,13.0,1.0,0,1
ARE,2017,0.13,13.0,1.0,0,1
AUS,2015,1.0,8.0,1.0,0,1
AUS,2016,0.95,8.0,1.0,0,1
AUS,2017,1.02,8.0,1.0,0,1
AUS,2018,1.11,,,1,1
AUS,2019,1.2,,,1,1
AUS,2020,1.29,,,1,1
AUS,2021,1.38,,,1,1
AUS,2022,1.47,8.0,1.0,0,1
AUS,2023,0.81,9.0,1.0,0,1
AUS,2024,0.68,10.0,1.0,0,1
AUS,2025,0.94,8.0,1.0,0,1
BEL,2015,0.6,11.0,1.0,0,1
BEL,2016,0.5714285714285714,,,1,1
BEL,2017,0.5428571428571428,,,1,1
BEL,2018,0.5142857142857142,,,1,1
BEL,2019,0.4857142857142857,,,1,1
BEL,2020,0.4571428571428572,,,1,1
BEL,2021,0.4285714285714286,,,1,1
BEL,2022,0.4,15.0,1.0,0,1
BEL,2023,0.39,12.0,1.0,0,1
BEL,2024,0.51,13.0,1.0,0,1
BEL,2025,0.46,12.0,1.0,0,1
CAN,2015,0.4,13.0,1.0,0,1
CAN,2016,0.38,12.0,1.0,0,1
CAN,2017,0.23,12.0,1.0,0,1
CAN,2018,0.29000000000000004,,,1,1
CAN,2019,0.35000000000000003,,,1,1
CAN,2020,0.41000000000000003,,,1,1
CAN,2021,0.4700000000000001,,,1,1
CAN,2022,0.53,13.0,1.0,0,1
CAN,2023,0.26,15.0,1.0,0,1
CAN,2024,0.29,15.0,1.0,0,1
CAN,2025,0.25,15.0,1.0,0,1
CHE,2016,0.09,14.0,1.0,0,1
CHE,2017,0.11,15.0,1.0,0,1
DEU,2015,0.5,12.0,1.0,0,1
DEU,2016,0.61,9.0,1.0,0,1
DEU,2017,0.68,9.0,1.0,0,1
DEU,2018,0.6940000000000001,,,1,1
DEU,2019,0.7080000000000001,,,1,1
DEU,2020,0.722,,,1,1
DEU,2021,0.736,,,1,1
DEU,2022,0.75,12.0,1.0,0,1
DEU,2023,0.53,11.0,1.0,0,1
DEU,2024,0.64,11.0,1.0,0,1
DEU,2025,0.76,10.0,1.0,0,1
FRA,2015,1.2,7.0,1.0,0,1
FRA,2016,1.38,7.0,1.0,0,1
FRA,2017,1.55,7.0,1.0,0,1
FRA,2018,1.622,,,1,1
FRA,2019,1.694,,,1,1
FRA,2020,1.766,,,1,1
FRA,2021,1.838,,,1,1
FRA,2022,1.91,5.0,1.0,0,1
FRA,2023,1.58,5.0,1.0,0,1
FRA,2024,2.0,5.0,1.0,0,1
FRA,2025,1.95,5.0,1.0,0,1
GBR,2015,5.2,3.0,1.0,0,1
GBR,2016,6.51,2.0,1.0,0,1
GBR,2017,5.59,2.0,1.0,0,1
GBR,2018,5.57,,,1,1
GBR,2019,5.55,,,1,1
GBR,2020,5.53,,,1,1
GBR,2021,5.51,,,1,1
GBR,2022,5.49,2.0,1.0,0,1
GBR,2023,5.06,2.0,1.0,0,1
GBR,2024,6.01,2.0,1.0,0,1
GBR,2025,7.04,2.0,1.0,0,1
HKG,2015,71.6,1.0,1.0,0,1
HKG,2016,74.08,1.0,1.0,0,1
HKG,2017,75.68,1.0,1.0,0,1
HKG,2018,75.31400000000001,,,1,1
HKG,2019,74.94800000000001,,,1,1
HKG,2020,74.582,,,1,1
HKG,2021,74.216,,,1,1
HKG,2022,73.85,1.0,1.0,0,1
HKG,2023,79.61,1.0,1.0,0,1
HKG,2024,76.52,1.0,1.0,0,1
HKG,2025,74.55,1.0,1.0,0,1
JPN,2015,0.6,9.0,1.0,0,1
JPN,2016,0.64,,,1,1
JPN,2017,0.6799999999999999,,,1,1
JPN,2018,0.72,,,1,1
JPN,2019,0.76,,,1,1
JPN,2020,0.8,,,1,1
JPN,2021,0.84,,,1,1
JPN,2022,0.88,11.0,1.0,0,1
JPN,2023,0.69,10.0,1.0,0,1
JPN,2024,0.7,9.0,1.0,0,1
JPN,2025,0.81,9.0,1.0,0,1
KOR,2015,2.2,6.0,1.0,0,1
KOR,2016,2.11,6.0,1.0,0,1
KOR,2017,2.99,4.0,1.0,0,1
KOR,2018,2.6540000000000004,,,1,1
KOR,2019,2.318,,,1,1
KOR,2020,1.9820000000000002,,,1,1
KOR,2021,1.6460000000000001,,,1,1
KOR,2022,1.31,9.0,1.0,0,1
KOR,2023,1.12,7.0,1.0,0,1
KOR,2024,0.89,7.0,1.0,0,1
KOR,2025,1.31,7.0,1.0,0,1
LUX,2015,0.6,10.0,1.0,0,1
LUX,2016,0.47,10.0,1.0,0,1
LUX,2017,0.35,10.0,1.0,0,1
LUX,2018,0.355,,,1,1
LUX,2019,0.36,,,1,1
LUX,2020,0.365,,,1,1
LUX,2021,0.37,,,1,1
LUX,2022,0.375,,,1,1
LUX,2023,0.38,13.0,1.0,0,1
LUX,2024,0.55,12.0,1.0,0,1
LUX,2025,0.45,13.0,1.0,0,1
MAC,2016,0.41,11.0,1.0,0,1
MAC,2017,0.25,11.0,1.0,0,1
MAC,2018,0.386,,,1,1
MAC,2019,0.522,,,1,1
MAC,2020,0.658,,,1,1
MAC,2021,0.794,,,1,1
MAC,2022,0.93,10.0,1.0,0,1
MAC,2023,0.85,8.0,1.0,0,1
MAC,2024,0.79,8.0,1.0,0,1
MAC,2025,0.75,11.0,1.0,0,1
NLD,2015,0.3,14.0,1.0,0,1
NLD,2016,0.3157142857142857,,,1,1
NLD,2017,0.3314285714285714,,,1,1
NLD,2018,0.34714285714285714,,,1,1
NLD,2019,0.3628571428571428,,,1,1
NLD,2020,0.37857142857142856,,,1,1
NLD,2021,0.39428571428571424,,,1,1
NLD,2022,0.41,14.0,1.0,0,1
NLD,2023,0.38,14.0,1.0,0,1
NLD,2024,0.4,14.0,1.0,0,1
NLD,2025,0.39,14.0,1.0,0,1
RUS,2016,0.08,15.0,1.0,0,1
RUS,2017,0.12,14.0,1.0,0,1
RUS,2018,0.474,,,1,1
RUS,2019,0.828,,,1,1
RUS,2020,1.182,,,1,1
RUS,2021,1.536,,,1,1
RUS,2022,1.89,6.0,1.0,0,1
SGP,2015,5.2,2.0,1.0,0,1
SGP,2016,4.93,3.0,1.0,0,1
SGP,2017,4.41,3.0,1.0,0,1
SGP,2018,4.3020000000000005,,,1,1
SGP,2019,4.194,,,1,1
SGP,2020,4.086,,,1,1
SGP,2021,3.978,,,1,1
SGP,2022,3.87,3.0,1.0,0,1
SGP,2023,3.08,3.0,1.0,0,1
SGP,2024,3.75,3.0,1.0,0,1
SGP,2025,4.39,3.0,1.0,0,1
TWN,2015,3.3,4.0,1.0,0,1
TWN,2016,2.68,5.0,1.0,0,1
TWN,2017,2.19,6.0,1.0,0,1
TWN,2018,2.074,,,1,1
TWN,2019,1.958,,,1,1
TWN,2020,1.842,,,1,1
TWN,2021,1.726,,,1,1
TWN,2022,1.61,7.0,1.0,0,1
TWN,2023,1.25,6.0,1.0,0,1
TWN,2024,1.73,6.0,1.0,0,1
TWN,2025,1.43,6.0,1.0,0,1
USA,2015,2.7,5.0,1.0,0,1
USA,2016,3.03,4.0,1.0,0,1
USA,2017,2.59,5.0,1.0,0,1
USA,2018,2.6319999999999997,,,1,1
USA,2019,2.674,,,1,1
USA,2020,2.7159999999999997,,,1,1
USA,2021,2.758,,,1,1
USA,2022,2.8,4.0,1.0,0,1
USA,2023,2.29,4.0,1.0,0,1
USA,2024,2.89,4.0,1.0,0,1
USA,2025,2.68,4.0,1.0,0,1
